-- phpMyAdmin SQL Dump
-- version 5.2.0
-- https://www.phpmyadmin.net/
--
-- Host: localhost
-- Gegenereerd op: 01 sep 2025 om 12:50
-- Serverversie: 9.0.1
-- PHP-versie: 8.3.13

SET SQL_MODE = "NO_AUTO_VALUE_ON_ZERO";
START TRANSACTION;
SET time_zone = "+00:00";


/*!40101 SET @OLD_CHARACTER_SET_CLIENT=@@CHARACTER_SET_CLIENT */;
/*!40101 SET @OLD_CHARACTER_SET_RESULTS=@@CHARACTER_SET_RESULTS */;
/*!40101 SET @OLD_COLLATION_CONNECTION=@@COLLATION_CONNECTION */;
/*!40101 SET NAMES utf8mb4 */;

--
-- Database: `kennisquiz`
--

-- --------------------------------------------------------

--
-- Tabelstructuur voor tabel `categories`
--

CREATE TABLE `categories` (
  `id` int NOT NULL,
  `name` varchar(255) DEFAULT NULL,
  `subcategory` varchar(255) DEFAULT NULL,
  `folder_guid` varchar(255) DEFAULT NULL
) ENGINE=InnoDB DEFAULT CHARSET=utf8mb4 COLLATE=utf8mb4_0900_ai_ci;

--
-- Gegevens worden geëxporteerd voor tabel `categories`
--

INSERT INTO `categories` (`id`, `name`, `subcategory`, `folder_guid`) VALUES
(1, 'Sociaal werk', 'Doelgroepen', '3102d8f5-f1f1-4ee8-a668-e1befdf575ce'),
(2, 'Sociaal werk', 'Sociale Kaart', 'f3aa1f3e-ecf1-4ecf-a1cf-0e21cef15b25'),
(3, 'Sociaal werk', 'Signalen herkennen', '76313c62-779c-460b-987f-bd86edabcd5a'),
(4, 'Sociaal werk', 'Bezwaarschrift', '4888c01f-c053-42b6-b806-3992c99d6b15'),
(5, 'Sociaal werk', 'Financiën en budget', '9f17d796-5c85-4f29-8769-71da8e0ec836'),
(6, 'Sociaal werk', 'Social Media', 'bd88a62c-8d4c-4647-b04c-d1422eff0a7e'),
(7, 'Sociaal werk', 'Gezondheid en welbevinden', '4674293f-41cc-41e9-91f2-bd811c55eda5'),
(8, 'Sociaal werk', 'Gesprekstechnieken', '087b9445-7a57-4016-b5cd-9df678a0f875'),
(9, 'Sociaal werk', 'Werkveld', 'd2ef8e4a-be8c-4589-ba88-1686c99a9194'),
(10, 'Sociaal werk', 'Beroepsethiek', '9eae44b6-762c-4014-ab86-f622eaa03305'),
(11, 'Sociaal werk', 'Reflectie', '1779db32-db86-499e-b4a0-b612ae7bb5b8'),
(12, 'Sociaal werk', 'Stappen meldcode', '152b7d06-7bba-44b3-8168-2936bd53e933'),
(13, 'Sociaal werk', 'Wijkgericht werken', '0f74359d-73bc-42fd-8450-51e80ee5eae1');

-- --------------------------------------------------------

--
-- Tabelstructuur voor tabel `choices`
--

CREATE TABLE `choices` (
  `id` int NOT NULL,
  `question_id` int DEFAULT NULL,
  `identifier` varchar(255) DEFAULT NULL,
  `choice_text` text,
  `is_correct` tinyint(1) DEFAULT NULL,
  `mapped_value` float DEFAULT NULL
) ENGINE=InnoDB DEFAULT CHARSET=utf8mb4 COLLATE=utf8mb4_0900_ai_ci;

--
-- Gegevens worden geëxporteerd voor tabel `choices`
--

INSERT INTO `choices` (`id`, `question_id`, `identifier`, `choice_text`, `is_correct`, `mapped_value`) VALUES
(1, 1, 'A1', 'Waar', 1, 1),
(2, 1, 'A2', 'Niet waar', 0, 0),
(3, 2, 'A1', 'De leeftijdsgrens van 21 - 67 jaar', 0, 0),
(4, 2, 'A2', 'Er is geen duidelijke leeftijdsgrens.', 1, 1),
(5, 2, 'A3', 'De leeftijdsgrens van 20 - 70 jaar', 0, 0),
(6, 3, 'A1', 'Waar', 0, 0),
(7, 3, 'A2', 'Niet waar', 1, 1),
(8, 4, 'A1', 'Wegblijven van school of werk.', 1, 0.5),
(9, 4, 'A2', 'Ander voorliegen dat je geld hebt gewonnen.', 0, 0),
(10, 4, 'A3', 'Geld lenen en dit weer terug betalen.', 1, 0.5),
(11, 4, 'A4', 'Blijven gokken om je verloren geld terug te winnen.', 0, 0),
(12, 4, 'A5', 'Wel willen stoppen met gokken, maar het niet kunnen.', 0, 0),
(13, 5, 'A1', 'Waar', 0, 0),
(14, 5, 'A2', 'Niet waar', 1, 1),
(15, 6, 'A1', 'Niet behalen van een diploma (school)', 0, 0),
(16, 6, 'A2', 'Verliezen van je baan', 0, 0),
(17, 6, 'A3', 'Relaties die stuklopen', 0, 0),
(18, 6, 'A4', 'Alle antwoorden zijn goed.', 1, 1),
(19, 7, 'A1', 'Als iemand, op basis van het strafrecht, opgenomen is in een huis van bewaring, gevangenis of psychiatrische instelling.', 1, 1),
(20, 7, 'A2', 'Als iemand opgenomen is in een psychiatrische instelling.', 0, 0),
(21, 7, 'A3', 'Als iemand geplaatst is in een gesloten setting.', 0, 0),
(22, 8, 'A1', 'Mensen die lastig aan werk kunnen komen.', 1, 1),
(23, 8, 'A2', 'De gemiddelde tijd die mensen nodig hebben om een baan te vinden', 0, 0),
(24, 8, 'A3', 'Hoe mensen afstand kunnen nemen van hun werk.', 0, 0),
(25, 9, 'A1', 'Waar', 0, 0),
(26, 9, 'A2', 'Niet waar', 1, 1),
(27, 10, 'A1', 'Licht, matig, ernstig en zeer ernstig verstandelijke beperking', 1, 1),
(28, 10, 'A2', 'Licht, matig, meervoudig en diep verstandelijke beperking', 0, 0),
(29, 10, 'A3', 'Licht, gemiddeld, ernstig en zeer ernstig verstandelijke beperking', 0, 0),
(30, 11, 'A1', 'Als je geen vaste woon- of verblijfplaats hebt.', 1, 0.5),
(31, 11, 'A2', 'Als je geen verblijfsvergunning hebt.', 0, 0),
(32, 11, 'A3', 'Als je niet met een adres ingeschreven staat in het bevolkingsregister.', 1, 0.5),
(33, 11, 'A4', 'Bij tijdelijke thuisloosheid.', 0, 0),
(34, 11, 'A5', 'Bij weggelopen jongeren.', 0, 0),
(35, 12, 'A1', 'Waar', 1, 1),
(36, 12, 'A2', 'Niet waar', 0, 0),
(37, 13, 'A1', 'Volwassenen', 0, 0),
(38, 13, 'A2', 'Ouderen', 0, 0),
(39, 13, 'A3', 'Bejaarden', 1, 1),
(40, 14, 'A1', 'Analfabetisme', 0, 0),
(41, 14, 'A2', 'Laaggeletterdheid', 1, 1),
(42, 14, 'A3', 'Dyslexie', 0, 0),
(43, 15, 'A1', 'Leeftijdsgenoten', 1, 0.333333),
(44, 15, 'A2', 'Werkelijkheid', 1, 0.333333),
(45, 15, 'A3', 'Beroepskeuze', 0, 0),
(46, 15, 'A4', 'Oudere kinderen', 0, 0),
(47, 15, 'A5', 'Zelfstandigheid', 1, 0.333333),
(48, 15, 'A6', 'Ouders', 0, 0),
(49, 16, 'A1', '18 jaar', 0, 0),
(50, 16, 'A2', '21 jaar', 0, 0),
(51, 16, 'A3', '23 jaar', 1, 1),
(52, 17, 'A1', 'Cognitieve ontwikkeling', 0, 0),
(53, 17, 'A2', 'Seksuele ontwikkeling', 0, 0),
(54, 17, 'A3', 'Visuele ontwikkeling', 1, 1),
(55, 18, 'A1', 'Iemand die in zijn eigen land terecht bang is voor vervolging of geweld.', 0, 0),
(56, 18, 'A2', 'Iemand die de bescherming van een ander land inroept.', 1, 1),
(57, 18, 'A3', 'Iemand die zoekt naar werk en daarvoor naar een ander land vertrekt.', 0, 0),
(58, 19, 'A1', 'De ouders kunnen tijdelijk niet het kind verzorgen.', 0, 0),
(59, 19, 'A2', 'Er is sprake van psychiatrische problemen bij (een van) de ouders.', 0, 0),
(60, 19, 'A3', 'De kinderen gaan vier dagen per week naar de kinderopvang.', 1, 1),
(61, 20, 'A1', 'Waar', 0, 0),
(62, 20, 'A2', 'Niet waar', 1, 1),
(63, 21, 'A1', 'Als het kind brutaal is tegen een volwassene.', 0, 0),
(64, 21, 'A2', 'Als het kind zich langere tijd dwars en opstandig gedraagt.', 1, 1),
(65, 21, 'A3', 'Als het kind iemand anders de schuld geeft van iets wat hij zelf heeft gedaan.', 0, 0),
(66, 22, 'A1', 'Waar', 1, 1),
(67, 22, 'A2', 'Niet waar', 0, 0),
(68, 23, 'A1', 'Waar', 0, 0),
(69, 23, 'A2', 'Niet waar', 1, 1),
(70, 24, 'A1', 'Financiële en juridische zaken', 1, 1),
(71, 24, 'A2', 'Opvoeden en opgroeien', 0, 0),
(72, 24, 'A3', 'Opleiding en onderwijs', 0, 0),
(73, 25, 'A1', 'Waar', 1, 1),
(74, 25, 'A2', 'Niet waar', 0, 0),
(75, 26, 'A1', 'Waar', 0, 0),
(76, 26, 'A2', 'Niet waar', 1, 1),
(77, 27, 'A1', 'Waar', 0, 0),
(78, 27, 'A2', 'Niet waar', 1, 1),
(79, 28, 'A1', 'Bereikbaarheidsinformatie', 0, 0),
(80, 28, 'A2', 'Intakeprocedure', 0, 0),
(81, 28, 'A3', 'Vergoedingen door de gemeente', 0, 0),
(82, 28, 'A4', 'Huisregels', 0, 0),
(83, 28, 'A5', 'Alle antwoorden zijn juist.', 1, 1),
(84, 29, 'A1', 'Waar', 0, 0),
(85, 29, 'A2', 'Niet waar', 1, 1),
(86, 30, 'A1', 'Werk en opleiding', 0, 0),
(87, 30, 'A2', 'Jeugd en opvoeding', 0, 0),
(88, 30, 'A3', 'Zorg en wonen', 0, 0),
(89, 30, 'A4', 'Geboorte en overlijden', 1, 1),
(90, 31, 'A1', 'Een Sociale Kaart bestrijkt een afgebakend gebied.', 0, 0),
(91, 31, 'A2', 'Een Sociale Kaart moet regelmatig bijgewerkt worden.', 0, 0),
(92, 31, 'A3', 'Een Sociale Kaart is gebonden aan een vaste vorm.', 1, 1),
(93, 32, 'A1', 'Waar', 0, 0),
(94, 32, 'A2', 'Niet waar', 1, 1),
(95, 33, 'A1', 'Adresgegevens van de organisatie', 0, 0),
(96, 33, 'A2', 'Website van de organisatie', 0, 0),
(97, 33, 'A3', 'Organisatietype', 0, 0),
(98, 33, 'A4', 'Doel en werkwijze van de organisatie', 0, 0),
(99, 33, 'A5', 'Alle antwoorden zijn juist.', 1, 1),
(100, 34, 'A1', 'Verwondingen of jeuk aan genitaliën', 0, 0),
(101, 34, 'A2', 'Pijn bij het lopen of zitten', 0, 0),
(102, 34, 'A3', 'Angst om op de rug te liggen', 0, 0),
(103, 34, 'A4', 'Problemen bij het plassen', 0, 0),
(104, 34, 'A5', 'Veel aan het lachen', 1, 1),
(105, 35, 'A1', 'Waar', 0, 0),
(106, 35, 'A2', 'Niet waar', 1, 1),
(107, 36, 'A1', 'Waar', 1, 1),
(108, 36, 'A2', 'Niet waar', 0, 0),
(109, 37, 'A1', 'Samen met iemand anders verslaafd zijn.', 0, 0),
(110, 37, 'A2', 'Verslaafd zijn aan het zorgen voor een verslaafde.', 1, 1),
(111, 37, 'A3', 'Verslaafd zijn aan meerdere middelen tegelijk.', 0, 0),
(112, 38, 'A1', 'Hoge bloeddruk', 0, 0),
(113, 38, 'A2', 'Last van je gewrichten', 0, 0),
(114, 38, 'A3', 'Achteruitgang van het gezichtsvermogen', 1, 1),
(115, 39, 'A1', 'Een verstoord lichaamsbeeld en daarbij zoveel mogelijk willen afvallen.', 0, 0),
(116, 39, 'A2', 'Een combinatie van eetbuien en de behoefte controle te houden over het eigen lichaamsgewicht.', 0, 0),
(117, 39, 'A3', 'Het dwangmatig overdreven gezond proberen te eten.', 1, 1),
(118, 40, 'A1', 'Het kind is verlegen en terughoudend waardoor hij weinig oefent met taal.', 0, 0),
(119, 40, 'A2', 'Beschadiging van het gehoor.', 0, 0),
(120, 40, 'A3', 'Geen prikkelende thuissituatie.', 1, 1),
(121, 41, 'A1', 'Pester, gepeste, meeloper en zwijger', 1, 1),
(122, 41, 'A2', 'Pester, gepeste, beschermer, meeloper en zwijger', 0, 0),
(123, 41, 'A3', 'Pester, gepeste, beschermer, meeloper', 0, 0),
(124, 42, 'A1', 'Het zien van gewelddadige films.', 0, 0),
(125, 42, 'A2', 'Te weinig uren slapen.', 0, 0),
(126, 42, 'A3', 'Geen stabiele thuissituatie', 1, 1),
(127, 43, 'A1', 'Waar', 0, 0),
(128, 43, 'A2', 'Niet waar', 1, 1),
(129, 44, 'A1', 'Waar', 0, 0),
(130, 44, 'A2', 'Niet waar', 1, 1),
(131, 45, 'A1', 'Waar', 1, 1),
(132, 45, 'A2', 'Niet waar', 0, 0),
(133, 46, 'A1', 'Te weinig lichaamsbeweging.', 0, 0),
(134, 46, 'A2', 'Verslaafd zijn aan het eten van producten met vet en suiker.', 0, 0),
(135, 46, 'A3', 'Dagelijks met de fiets naar school of werk gaan.', 1, 1),
(136, 47, 'A1', 'minder dan 800.000', 0, 0),
(137, 47, 'A2', 'Tussen 800.000 en 900,000', 0, 0),
(138, 47, 'A3', '900.000 en meer', 1, 1),
(139, 48, 'A1', 'Waar', 1, 1),
(140, 48, 'A2', 'Niet waar', 0, 0),
(141, 49, 'A1', 'Stelt vragen over informatie die hij in tekstvorm heeft gekregen.', 0, 0),
(142, 49, 'A2', 'Heeft veel boeken in huis om zijn laaggeletterdheid te verbergen.', 1, 1),
(143, 49, 'A3', 'Heeft vaak smoesjes om niet te hoeven lezen.', 0, 0),
(144, 50, 'A1', 'Biologische factor', 0, 0),
(145, 50, 'A2', 'Sociaal culturele factoren', 0, 0),
(146, 50, 'A3', 'Migratie factoren', 1, 1),
(147, 51, 'A1', 'Waar', 0, 0),
(148, 51, 'A2', 'Niet waar', 1, 1),
(149, 52, 'A1', 'Waar', 1, 1),
(150, 52, 'A2', 'Niet waar', 0, 0),
(151, 53, 'A1', 'Hij kan een verzetschrift indienen bij de rechtbank.', 1, 1),
(152, 53, 'A2', 'Hij kan verder niks doen, de beslissing is bindend.', 0, 0),
(153, 53, 'A3', 'Hij kan een nieuw bezwaarschrift indienen.', 0, 0),
(154, 54, 'A1', 'Nee, het was een voorlopige voorziening ter overbrugging.', 0, 0),
(155, 54, 'A2', 'Ja, de cliënt moet het betreffende bedrag van de voorlopig voorziening terugbetalen.', 1, 1),
(156, 54, 'A3', 'De cliënt moet alleen een eigen bijdrage vergoeden.', 0, 0),
(157, 55, 'A1', '5 weken', 0, 0),
(158, 55, 'A2', '6 weken', 1, 1),
(159, 55, 'A3', '4 weken', 0, 0),
(160, 56, 'A1', 'Het aanvragen van een voorlopige voorziening.', 1, 1),
(161, 56, 'A2', 'Het aanvragen van een tegemoetkoming in de onkosten.', 0, 0),
(162, 56, 'A3', 'Het aanvragen van een voorschot op zijn uitkering.', 0, 0),
(163, 57, 'A1', 'Ja, de uitkering wordt voorgezet tijdens de bezwaarprocedure.', 0, 0),
(164, 57, 'A2', 'Nee, de beslissing om de uitkering te stoppen is direct geldig.', 1, 1),
(165, 57, 'A3', 'De cliënt krijgt een standaardvergoeding tijdens de bezwaarprocedure.', 0, 0),
(166, 58, 'A1', 'Waar', 1, 1),
(167, 58, 'A2', 'Niet waar', 0, 0),
(168, 59, 'A1', 'Waar', 0, 0),
(169, 59, 'A2', 'Niet waar', 1, 1),
(170, 60, 'A1', 'Vooronderzoek', 1, 0),
(171, 60, 'A2', 'Rechtszitting', 1, 0),
(172, 60, 'A3', 'Getuigen en deskundigen', 1, 0),
(173, 60, 'A4', 'Uitspraak', 1, 0),
(174, 61, 'A1', 'Een bijdrage in de kosten van de rechtspraak.', 1, 1),
(175, 61, 'A2', 'Het recht voor ondersteunende diensten bij een rechtspraak.', 0, 0),
(176, 61, 'A3', 'Een tegemoetkoming in de kosten van de rechtspraak.', 0, 0),
(177, 62, 'A1', 'De uitleg waarom je het niet met het besluit eens bent.', 0, 0),
(178, 62, 'A2', 'Een kopie van je ID of paspoort.', 1, 1),
(179, 62, 'A3', 'Een kopie van het besluit waartegen je bezwaar maakt.', 0, 0),
(180, 63, 'A1', 'Beroepschrift', 1, 1),
(181, 63, 'A2', 'Bezwaarschrift', 0, 0),
(182, 63, 'A3', 'Verzetschrift', 0, 0),
(183, 64, 'A1', 'De kosten die de cliënt maakt zijn noodzakelijk.', 0, 0),
(184, 64, 'A2', 'Het gaat om onverwachte kosten die zijn ontstaan door bijzondere omstandigheden.', 0, 0),
(185, 64, 'A3', 'Het gaat om maandelijks terugkerende kosten die de cliënt niet kan betalen.', 1, 1),
(186, 65, 'A1', 'Een maand voor afloop van de ww uitkering.', 0, 0),
(187, 65, 'A2', 'Een week voor afloop van de ww uitkering.', 0, 0),
(188, 65, 'A3', 'Op de dag dat de ww uitkering afloopt.', 1, 1),
(189, 66, 'A1', 'Provincie', 0, 0),
(190, 66, 'A2', 'Gemeente', 1, 1),
(191, 66, 'A3', 'Overheid', 0, 0),
(192, 67, 'A1', 'Waar', 1, 1),
(193, 67, 'A2', 'Niet waar', 0, 0),
(194, 68, 'A1', 'Waar', 1, 1),
(195, 68, 'A2', 'Niet waar', 0, 0),
(196, 69, 'A1', 'Waar', 0, 0),
(197, 69, 'A2', 'Niet waar', 1, 1),
(198, 70, 'A1', 'Waar', 1, 1),
(199, 70, 'A2', '', 0, 0),
(200, 71, 'A1', 'Meneer Kandemir is 21 en heeft geen of weinig inkomen en vermogen.', 0, 0),
(201, 71, 'A2', 'Meneer De Boer is 64 jaar en heeft weinig kans op een baan of op hogere inkomsten', 0, 0),
(202, 71, 'A3', 'Mevrouw Highland is 18 jaar en heeft geen of weinig inkomen en vermogen.', 1, 1),
(203, 72, 'A1', 'Voor jongeren die al studeren, maar niet kunnen bijverdienen vanwege een medische beperking.', 1, 1),
(204, 72, 'A2', 'Voor jongeren met een medische beperking die een opleiding willen gaan volgen, maar deze niet kunnen betalen.', 0, 0),
(205, 72, 'A3', 'Voor studenten die niet kunnen bijverdienen naast hun studie vanwege een psychische stoornis.', 0, 0),
(206, 73, 'A1', 'Een vergoeding van noodzakelijke extra kosten die iemand met een laag inkomen moet maken door bijzondere omstandigheden.', 1, 1),
(207, 73, 'A2', 'Een vaste maandelijkse bijdrage voor mensen met een laag inkomen.', 0, 0),
(208, 73, 'A3', 'Een vergoeding voor gezinnen met een laag inkomen om bijvoorbeeld een gezinsuitje te kunnen maken.', 0, 0),
(209, 74, 'A1', 'Waar', 0, 0),
(210, 74, 'A2', 'Niet waar', 1, 1),
(211, 75, 'A1', 'Algemene Veiligheid Gegevensbescherming', 0, 0),
(212, 75, 'A2', 'Algemene Verordening Gegevensbescherming', 1, 1),
(213, 75, 'A3', 'Algemene Verordening Gegevensbeheer', 0, 0),
(214, 76, 'A1', 'Digitaal paspoort', 1, 1),
(215, 76, 'A2', 'Digitaal bankieren', 0, 0),
(216, 76, 'A3', 'Digitaal netwerk omgeving', 0, 0),
(217, 77, 'A1', 'Een wiskundige formule.', 0, 0),
(218, 77, 'A2', 'Het bereiden van een maaltijd.', 0, 0),
(219, 77, 'A3', 'Een rekensom.', 0, 0),
(220, 77, 'A4', 'Alle antwoorden zijn goed.', 1, 1),
(221, 78, 'A1', 'Synchroniseren', 0, 0),
(222, 78, 'A2', 'Nepnieuws', 1, 1),
(223, 78, 'A3', 'Muziek onder een filmpje plaatsen', 0, 0),
(224, 79, 'A1', 'Waar', 1, 1),
(225, 79, 'A2', 'Niet waar', 0, 0),
(226, 80, 'A1', 'Mediawijsheid', 1, 1),
(227, 80, 'A2', 'Mediatheek', 0, 0),
(228, 80, 'A3', 'Sociale media', 0, 0),
(229, 81, 'A1', 'Een hoax', 1, 1),
(230, 81, 'A2', 'Klikfraude', 0, 0),
(231, 81, 'A3', 'Een online marketing stunt', 0, 0),
(232, 82, 'A1', 'Waar', 0, 0),
(233, 82, 'A2', 'Niet waar', 1, 1),
(234, 83, 'A1', 'Waar', 1, 1),
(235, 83, 'A2', 'Niet waar', 0, 0),
(236, 84, 'A1', 'Je legt de cliënt op bed.', 0, 0),
(237, 84, 'A2', 'Je belt direct 112 of de spoedlijn van de huisarts.', 1, 1),
(238, 84, 'A3', 'Je brengt de cliënt met de auto naar de spoedeisende hulp.', 0, 0),
(239, 85, 'A1', 'Zelfvertrouwen', 0, 0),
(240, 85, 'A2', 'Vitaliteit', 0, 0),
(241, 85, 'A3', 'Stress', 1, 1),
(242, 86, 'A1', 'Autisme (klassiek)', 0, 0),
(243, 86, 'A2', 'ADHD', 1, 1),
(244, 86, 'A3', 'PDD-NOS', 0, 0),
(245, 87, 'A1', 'Waar', 1, 1),
(246, 87, 'A2', 'Niet waar', 0, 0),
(247, 88, 'A1', 'Angststoornis', 0, 0),
(248, 88, 'A2', 'Schizofrenie', 0, 0),
(249, 88, 'A3', 'Borderline', 1, 1),
(250, 89, 'A1', 'Waar', 1, 1),
(251, 89, 'A2', 'Niet waar', 0, 0),
(252, 90, 'A1', 'Wanen', 0, 0),
(253, 90, 'A2', 'Hallucinaties', 0, 0),
(254, 90, 'A3', 'Gespleten persoonlijkheid', 1, 1),
(255, 91, 'A1', 'Je adviseert de cliënt tijgerbalsem op de pijnlijke gewrichten te smeren.', 0, 0),
(256, 91, 'A2', 'Je adviseert de cliënt oefeningen te gaan doen om de gewrichten soepel te houden.', 0, 0),
(257, 91, 'A3', 'Je adviseert de cliënt een afspraak te maken met de huisarts.', 1, 1),
(258, 92, 'A1', 'Mazelen', 0, 0),
(259, 92, 'A2', 'Waterpokken', 0, 0),
(260, 92, 'A3', 'De 7e kinderziekte', 1, 1),
(261, 93, 'A1', 'Waar', 0, 1),
(262, 93, 'A2', 'Niet waar', 1, 0),
(263, 94, 'A1', 'Het niet meer goed kunnen onthouden van informatie die langere tijd in het geheugen zat.', 0, 0),
(264, 94, 'A2', 'Het niet meer goed kunnen uitvoeren van handelingen in de juiste volgorde.', 0, 0),
(265, 94, 'A3', 'Het niet meer goed kunnen bewegen door de achteruitgang van de hersenactiviteit.', 1, 1),
(266, 95, 'A1', 'Post Traumatische Stress Stoornis', 1, 1),
(267, 95, 'A2', 'Positief Programma Samen Sterk', 0, 0),
(268, 95, 'A3', 'Post Traumatische Somatieve Stoornis', 0, 0),
(269, 96, 'A1', 'Beroerte', 1, 1),
(270, 96, 'A2', 'Depressie', 0, 0),
(271, 96, 'A3', 'Dementie', 0, 0),
(272, 97, 'A1', 'Waar', 0, 0),
(273, 97, 'A2', 'Niet waar', 1, 1),
(274, 98, 'A1', 'Paniekstoornis', 0, 0),
(275, 98, 'A2', 'Angststoornis', 1, 1),
(276, 98, 'A3', 'Psychose', 0, 0),
(277, 99, 'A1', 'Kortademigheid', 0, 0),
(278, 99, 'A2', 'Vermoeidheid', 0, 0),
(279, 99, 'A3', 'Gewrichtspijn', 1, 1),
(280, 100, 'A1', 'Luisteren, samenvatten, doorvragen', 1, 1),
(281, 100, 'A2', 'Luisteren, suggestie, doorvragen', 0, 0),
(282, 100, 'A3', 'Luisteren, samenvatten, denken', 0, 0),
(283, 101, 'A1', 'Waar', 1, 1),
(284, 101, 'A2', 'Niet waar', 0, 0),
(285, 102, 'A1', 'Televisie', 0, 0),
(286, 102, 'A2', 'Krant', 0, 0),
(287, 102, 'A3', 'Emoticons', 0, 0),
(288, 102, 'A4', 'Internet', 0, 0),
(289, 102, 'A5', 'Alle antwoorden zijn juist.', 1, 1),
(290, 103, 'A1', 'Waar', 0, 0),
(291, 103, 'A2', 'Niet waar', 1, 1),
(292, 104, 'A1', 'Altijd, Navragen, Nooit, Aannemen', 1, 1),
(293, 104, 'A2', 'Altijd, Navragen, Niet, Aannemen', 0, 0),
(294, 104, 'A3', 'Altijd, Nadenken, Nooit, Aannemen', 0, 0),
(295, 105, 'A1', 'Niet invullen voor een ander.', 1, 1),
(296, 105, 'A2', 'Nooit interpreteren voor een ander.', 0, 0),
(297, 105, 'A3', 'Nadenken, invullen, verwoorden, ervaren en aannemen.', 0, 0),
(298, 106, 'A1', 'Wat is de huidige situatie van de cliënt?', 0, 0),
(299, 106, 'A2', 'Waar heeft de cliënt ondersteuning bij nodig?', 0, 0),
(300, 106, 'A3', 'Welke medische zorg is er noodzakelijk?', 1, 1),
(301, 107, 'A1', 'Het stellen van open vragen', 0, 0),
(302, 107, 'A2', 'Het invullen voor de ander', 1, 1),
(303, 107, 'A3', 'Het laten vallen van stiltes', 0, 0),
(304, 108, 'A1', 'Waar', 0, 0),
(305, 108, 'A2', 'Niet waar', 1, 1),
(306, 109, 'A1', 'Gebruik LSD', 0, 0),
(307, 109, 'A2', 'Neem ANNE mee', 1, 1),
(308, 109, 'A3', 'Laat OMA thuis', 0, 0),
(309, 110, 'A1', 'Waar', 0, 0),
(310, 110, 'A2', 'Niet waar', 1, 1),
(311, 111, 'A1', 'Sociale raadslieden werk', 1, 1),
(312, 111, 'A2', 'Sociale rechten en wetten', 0, 0),
(313, 111, 'A3', 'Specifieke rechten en wetten', 0, 0),
(314, 112, 'A1', 'Problemen met eenzaamheid.', 0, 0),
(315, 112, 'A2', 'Problemen in de omgang met anderen.', 0, 0),
(316, 112, 'A3', 'Vragen rondom eigen functioneren.', 0, 0),
(317, 112, 'A4', 'Antwoord A en C zijn goed.', 0, 0),
(318, 112, 'A5', 'Alle antwoorden zijn goed.', 1, 1),
(319, 113, 'A1', 'Het is een tijdelijke verblijfsplek.', 1, 1),
(320, 113, 'A2', 'Je hoeft niet aan de regio verbonden te zijn.', 0, 0),
(321, 113, 'A3', 'Het is bedoeld voor gezinnen.', 0, 0),
(322, 114, 'A1', 'Waar', 1, 1),
(323, 114, 'A2', 'Niet waar', 0, 0),
(324, 115, 'A1', 'Loon of uitkering', 0, 0),
(325, 115, 'A2', 'Belastingaanslagen', 0, 0),
(326, 115, 'A3', 'Letselschade', 1, 1),
(327, 116, 'A1', 'Schuldbemiddeling', 0, 0),
(328, 116, 'A2', 'Saneringskrediet', 0, 0),
(329, 116, 'A3', 'Schuldsanering', 1, 1),
(330, 117, 'A1', 'Het regelen van (medische) zorg in de opvang.', 0, 0),
(331, 117, 'A2', 'Het vinden van een geheim adres, als dat nodig is.', 0, 0),
(332, 117, 'A3', 'Het emigreren naar een ander land.', 1, 1),
(333, 118, 'A1', 'Waar', 0, 0),
(334, 118, 'A2', 'Niet waar', 1, 1),
(335, 119, 'A1', 'Waar', 1, 1),
(336, 119, 'A2', 'Niet waar', 0, 0),
(337, 120, 'A1', 'Beroepsethiek', 1, 1),
(338, 120, 'A2', 'Morele plicht', 0, 0),
(339, 120, 'A3', 'Beroepscode', 0, 0),
(340, 121, 'A1', 'Je moet kiezen uit twee of meer keuzes.', 0, 0),
(341, 121, 'A2', 'Het onderwerp gaat over waarden en normen.', 0, 0),
(342, 121, 'A3', 'Er is altijd een juiste keuze te maken.', 1, 1),
(343, 122, 'A1', 'De analyse', 0, 0),
(344, 122, 'A2', 'De besluitvorming', 0, 0),
(345, 122, 'A3', 'De consequentie', 1, 1),
(346, 123, 'A1', 'Waar', 0, 0),
(347, 123, 'A2', 'Niet waar', 1, 1),
(348, 124, 'A1', 'Waar', 0, 0),
(349, 124, 'A2', 'Niet waar', 1, 1),
(350, 125, 'A1', 'Beroepsdilemma', 0, 0),
(351, 125, 'A2', 'Ethisch dilemma', 1, 1),
(352, 125, 'A3', 'Sociaal dilemma', 0, 0),
(353, 126, 'A1', 'Waarden die zijn vastgelegd in protocollen en regelingen.', 1, 1),
(354, 126, 'A2', 'Waarden die niet zijn vastgelegd in protocollen en regelingen.', 0, 0),
(355, 126, 'A3', 'Algemene regels die iedereen vanzelfsprekend vindt.', 0, 0),
(356, 127, 'A1', 'Beroepsethiek', 0, 0),
(357, 127, 'A2', 'Protocollen', 0, 0),
(358, 127, 'A3', 'Huisreglement', 1, 1),
(359, 128, 'A1', 'Waar', 1, 1),
(360, 128, 'A2', '', 0, 0),
(361, 129, 'A1', 'Waar', 0, 0),
(362, 129, 'A2', 'Niet waar', 1, 1),
(363, 130, 'A1', 'Situatie, Taak, Actie, Resultaat, Reflectie, Transfer', 1, 1),
(364, 130, 'A2', 'Situatie, Tijd, Actie, Resultaat, Reflectie, Transfer', 0, 0),
(365, 130, 'A3', 'Situatie, Taak, Actie, Reactie, Reflectie, Transfer', 0, 0),
(366, 131, 'A1', 'Handelen', 1, 0),
(367, 131, 'A2', 'Terugblikken', 1, 0),
(368, 131, 'A3', 'Bewustwording', 1, 0),
(369, 131, 'A4', 'Alternatieven ontwikkelen', 1, 0),
(370, 131, 'A5', 'Uitproberen', 1, 0),
(371, 132, 'A1', 'Stap 4', 0, 0),
(372, 132, 'A2', 'Stap 2', 0, 0),
(373, 132, 'A3', 'Stap 3', 1, 1),
(374, 133, 'A1', 'Evalueren', 0, 0),
(375, 133, 'A2', 'Reflecteren', 1, 1),
(376, 133, 'A3', 'Intervisie', 0, 0),
(377, 134, 'A1', 'Waar', 0, 0),
(378, 134, 'A2', 'Niet waar', 1, 1),
(379, 135, 'A1', 'Beschrijving', 1, 0),
(380, 135, 'A2', 'Gevoelens', 1, 0),
(381, 135, 'A3', 'Evaluatie', 1, 0),
(382, 135, 'A4', 'Analyse', 1, 0),
(383, 135, 'A5', 'Conclusies', 1, 0),
(384, 135, 'A6', 'Actieplan', 1, 0),
(385, 136, 'A1', 'E: Wat had je eventueel anders kunnen doen?<br />F: Ben je tevreden over hoe je hebt gehandeld?', 0, 0),
(386, 136, 'A2', 'E: Wat was het effect van wat je deed?<br />F: Ben je tevreden over hoe je hebt gehandeld?', 1, 1),
(387, 136, 'A3', 'E: Wat was het effect van wat je deed?<br />F: Wat is je volgende stap?', 0, 0),
(388, 136, 'A4', 'E: Wat had je eventueel anders kunnen doen?<br />F: Wat is je volgende stap?', 0, 0),
(389, 137, 'A1', 'STARTT', 1, 1),
(390, 137, 'A2', 'ABCD', 0, 0),
(391, 137, 'A3', 'STARRT', 0, 0),
(392, 138, 'A1', 'Waar', 1, 1),
(393, 138, 'A2', 'Niet waar', 0, 0),
(394, 139, 'A1', 'Waar', 1, 1),
(395, 139, 'A2', 'Niet waar', 0, 0),
(396, 140, 'A1', 'Het recht om aan de privacyregels voorbij te gaan.', 0, 0),
(397, 140, 'A2', 'Het recht om aan andere hulpverleningsorganisatie persoonsgegevens door te geven.', 0, 0),
(398, 140, 'A3', 'Het recht om persoonsgegevens van volwassenen en kinderen door te geven aan Veilig Thuis.', 1, 1),
(399, 141, 'A1', 'Waar', 1, 1),
(400, 141, 'A2', 'Niet waar', 0, 0),
(401, 142, 'A1', 'Geïndiceerde preventie voor gezinnen met een verhoogd risico.', 0, 0),
(402, 142, 'A2', 'Interventies bij vroege signalen voor individuele gezinnen.', 0, 0),
(403, 142, 'A3', 'Interventie ter voorkoming van voortijdig schooluitval.', 1, 1),
(404, 143, 'A1', 'Breng signalen in kaart.', 1, 0),
(405, 143, 'A2', 'Overleg met een deskundige collega of veilig thuis.', 1, 0),
(406, 143, 'A3', 'Praat met ouders of verzorgers.', 1, 0),
(407, 143, 'A4', 'Weeg het geweld.', 1, 0),
(408, 143, 'A5', 'Beslis: Is melden nodig? Is hulpverlening nodig?', 1, 0),
(409, 144, 'A1', 'Waar', 0, 0),
(410, 144, 'A2', 'Niet waar', 1, 1),
(411, 145, 'A1', 'Waar', 0, 0),
(412, 145, 'A2', 'Niet waar', 1, 1),
(413, 146, 'A1', 'Afwegingskader', 1, 1),
(414, 146, 'A2', 'Afmeldingskader', 0, 0),
(415, 146, 'A3', 'Aanmeldingskader', 0, 0),
(416, 147, 'A1', 'Waar', 1, 1),
(417, 147, 'A2', 'Niet waar', 0, 0),
(418, 148, 'A1', 'Waar', 0, 0),
(419, 148, 'A2', 'Niet waar', 1, 1),
(420, 149, 'A1', 'Waar', 1, 1),
(421, 149, 'A2', 'Niet waar', 0, 0),
(422, 150, 'A1', 'Informele netwerk', 0, 0),
(423, 150, 'A2', 'Formele netwerk', 1, 1),
(424, 150, 'A3', 'Sociale netwerk', 0, 0),
(425, 151, 'A1', 'Belangenorganisatie', 1, 1),
(426, 151, 'A2', 'Consumentenorganisatie', 0, 0),
(427, 151, 'A3', 'Patiëntenorganisatie', 0, 0),
(428, 152, 'A1', 'Waar', 0, 0),
(429, 152, 'A2', 'Niet waar', 1, 1),
(430, 153, 'A1', 'Wijkagent', 1, 1),
(431, 153, 'A2', 'Mantelzorgers', 0, 0),
(432, 153, 'A3', 'Ervaringsdeskundigen', 0, 0),
(433, 154, 'A1', 'CNVO', 0, 0),
(434, 154, 'A2', 'FNV', 0, 0),
(435, 154, 'A3', 'UMCU', 1, 1),
(436, 155, 'A1', 'Sociale cohesie in de wijk', 1, 1),
(437, 155, 'A2', 'Verenigingsleven in de buurt', 0, 0),
(438, 155, 'A3', 'Organiseren van buurtfeesten/activiteiten', 0, 0),
(439, 156, 'A1', 'Belangenorganisatie<br /><br />', 0, 0),
(440, 156, 'A2', 'Zelfhulporganisatie', 1, 1),
(441, 156, 'A3', 'Samenlevingsverbanden', 0, 0),
(442, 157, 'A1', 'Wijkanalyse', 1, 1),
(443, 157, 'A2', 'Kwalitatief onderzoek', 0, 0),
(444, 157, 'A3', 'Kwantitatief onderzoek', 0, 0),
(445, 158, 'A1', 'Een groep waarin lotgenoten met elkaar in gesprek gaan, zonder tussenkomst van de hulpverlening.', 1, 1),
(446, 158, 'A2', 'Een groep waarin lotgenoten met elkaar in gesprek gaan, met een hulpverlener op de achtergrond', 0, 0),
(447, 158, 'A3', 'Een groep waarin lotgenoten met elkaar in gesprek gaan, met tussenkomst van de hulpverlening.', 0, 0);

-- --------------------------------------------------------

--
-- Tabelstructuur voor tabel `questions`
--

CREATE TABLE `questions` (
  `id` int NOT NULL,
  `identifier` varchar(255) DEFAULT NULL,
  `question_text` text,
  `category_id` int DEFAULT NULL
) ENGINE=InnoDB DEFAULT CHARSET=utf8mb4 COLLATE=utf8mb4_0900_ai_ci;

--
-- Gegevens worden geëxporteerd voor tabel `questions`
--

INSERT INTO `questions` (`id`, `identifier`, `question_text`, `category_id`) VALUES
(1, 'choiceInteraction_LARGESOURCE_MULTIPLECHOICE_972cb5fb4a', 'Is de volgende stelling waar of niet waar?\n  \n  Mensen met een alcoholverslaving vormen veruit de grootste groep in de verslavingszorg.', 1),
(2, 'choiceInteraction_LARGESOURCE_MULTIPLECHOICE_e263f083b5', 'Binnen welke leeftijdsgrens valt de volwassen fase?', 1),
(3, 'choiceInteraction_LARGESOURCE_MULTIPLECHOICE_e4e595190b', 'Is de volgende stelling waar of niet waar?\n  \n  Iemand met een verstandelijke beperking heeft een IQ van maximaal 80.', 1),
(4, 'choiceInteraction_LARGESOURCE_MANYCHOICE_f9bd9d930b', 'Wat is geen signaal van een gokverslaving? Er zijn twee antwoorden goed.', 1),
(5, 'choiceInteraction_LARGESOURCE_MULTIPLECHOICE_3397575086', 'Is de volgende stelling waar of niet waar?\n  \n  Grove motoriek heeft betrekking op kleine bewegingen zoals tekenen en schrijven.', 1),
(6, 'choiceInteraction_LARGESOURCE_MULTIPLECHOICE_101152103b', 'Wat is een signaal bij gameverslaving?', 1),
(7, 'choiceInteraction_LARGESOURCE_MULTIPLECHOICE_5cff923406', 'Wanneer spreken we van een gedetineerde?', 1),
(8, 'choiceInteraction_LARGESOURCE_MULTIPLECHOICE_68b70e9539', 'Wat wordt bedoeld met de term Mensen met een afstand tot de arbeidsmarkt?', 1),
(9, 'choiceInteraction_LARGESOURCE_MULTIPLECHOICE_3286a6c780', 'Is de volgende stelling waar of niet waar?\n  \n  Iemand die internaliserend probleemgedrag vertoont, is vaak druk en beweeglijk.', 1),
(10, 'choiceInteraction_LARGESOURCE_MULTIPLECHOICE_f133a75718', 'Omdat er grote verschillen zijn tussen mensen met een verstandelijke beperking, wordt er onderscheid gemaakt in de mate van de verstandelijke beperking. Welk onderscheid wordt er gemaakt?', 1),
(11, 'choiceInteraction_LARGESOURCE_MANYCHOICE_6d1b16a603', 'Wanneer is er sprake van dakloos zijn? Geef de twee juiste antwoorden.', 1),
(12, 'choiceInteraction_LARGESOURCE_MULTIPLECHOICE_8554d3cedc', 'Is de volgende stelling waar of niet waar?\n  \n  Als iemand gedwongen wordt om te werken onder onmenselijke omstandigheden, om seks te hebben, te bedelen of te stelen is er sprake van mensenhandel.', 1),
(13, 'choiceInteraction_LARGESOURCE_MULTIPLECHOICE_02fb02fcf6', 'Wat is geen levensfase?', 1),
(14, 'choiceInteraction_LARGESOURCE_MULTIPLECHOICE_a40ae5c0a7', 'Wat is de juiste benaming voor mensen die moeite hebben met taalvaardigheden, zoals lezen en/of schrijven?', 1),
(15, 'choiceInteraction_LARGESOURCE_MANYCHOICE_69b16274af', 'Kinderen van 6 tot 12 jaar noemen we schoolkinderen. Deze periode kenmerkt zich doordat kinderen steeds meer gericht zijn op een aantal aspecten. Welke drie aspecten zijn dat?', 1),
(16, 'choiceInteraction_LARGESOURCE_MULTIPLECHOICE_31462b3a69', 'Wat is de maximale leeftijdsgrens voor de uitvoering van het jeugdstrafrecht?', 1),
(17, 'choiceInteraction_LARGESOURCE_MULTIPLECHOICE_1c7076d4c0', 'Wat is geen ontwikkelingsaspect binnen de ontwikkelingspsychologie?', 1),
(18, 'choiceInteraction_LARGESOURCE_MULTIPLECHOICE_89a9a65c51', 'Wat is de betekenis van de term asielzoeker?', 1),
(19, 'choiceInteraction_LARGESOURCE_MULTIPLECHOICE_de172b32d9', 'Wat is geen kenmerk van een probleemgezin?', 1),
(20, 'choiceInteraction_LARGESOURCE_MULTIPLECHOICE_e36e60e1d6', 'Is de volgende stelling waar of niet waar?\n  \n  Met de woorden vluchtelingen, asielzoekers en migranten wordt hetzelfde bedoeld.', 1),
(21, 'choiceInteraction_LARGESOURCE_MULTIPLECHOICE_8b5d93765f', 'Wanneer spreken we van gedragsproblemen bij kinderen?', 1),
(22, 'choiceInteraction_LARGESOURCE_MULTIPLECHOICE_637760afcf', 'Is de volgende stelling waar of niet waar?\n  \n  We spreken van huiselijk geweld wanneer door partner, ex-partner, vriend of vriendin, geweld gepleegd wordt. Dit kan lichamelijk, seksueel en emotioneel geweld zijn.', 1),
(23, 'choiceInteraction_LARGESOURCE_MULTIPLECHOICE_f8e1f52679', 'Is de volgende stelling waar of niet waar?\n  \n  De termen dakloos en thuisloos betekenen hetzelfde.', 1),
(24, 'choiceInteraction_LARGESOURCE_MULTIPLECHOICE_f9429b8081', 'Onder welke rubriek van de Sociale Kaart kan je informatie vinden over de WMO?', 2),
(25, 'choiceInteraction_LARGESOURCE_MULTIPLECHOICE_e7988d0957', 'Is de volgende stelling waar of niet waar?In een Sociale Kaart vinden burgers en hulpverleners informatie over organisaties en hun aanbod op het gebied van wonen, welzijn en zorg in de omgeving.', 2),
(26, 'choiceInteraction_LARGESOURCE_MULTIPLECHOICE_f37bad79ca', 'Is de volgende stelling waar of niet waar?Een Sociale Kaart hoeft niet bijgewerkt te worden.', 2),
(27, 'choiceInteraction_LARGESOURCE_MULTIPLECHOICE_71f8181e02', 'Is de volgende stelling waar of niet waar?Een Sociale Kaart kan niet enkel ingericht worden voor een specifieke doelgroep.', 2),
(28, 'choiceInteraction_LARGESOURCE_MULTIPLECHOICE_d8298547ca', 'Wat is een onderwerp van de Sociale Kaart voor daklozen?', 2),
(29, 'choiceInteraction_LARGESOURCE_MULTIPLECHOICE_19489ef5d0', 'Is de volgende stelling waar of niet waar?Iedere gemeente is verplicht om een Sociale Kaart op de website van de gemeente te zetten.', 2),
(30, 'choiceInteraction_LARGESOURCE_MULTIPLECHOICE_1257900026', 'Wat is geen onderwerp op de Sociale Kaart?', 2),
(31, 'choiceInteraction_LARGESOURCE_MULTIPLECHOICE_b4405112a2', 'Wat is geen kenmerk van een Sociale Kaart?', 2),
(32, 'choiceInteraction_LARGESOURCE_MULTIPLECHOICE_308c4fe10a', 'Is de volgende stelling waar of niet waar?De Sociale Kaart is alleen toegankelijk voor mensen die werkzaam zijn binnen het sociaal domein.', 2),
(33, 'choiceInteraction_LARGESOURCE_MULTIPLECHOICE_5685ad95a5', 'Welke gegevens van een organisatie zijn terug te vinden op een Sociale Kaart?', 2),
(34, 'choiceInteraction_LARGESOURCE_MULTIPLECHOICE_cd5ed0ce10', 'Wat is geen mogelijk signaal bij seksueel misbruik bij kinderen?', 3),
(35, 'choiceInteraction_LARGESOURCE_MULTIPLECHOICE_c903b6d876', 'In het buurthuis waar je werkt is een van de kinderen vaak angstig, vermijdt oogcontact en is teruggetrokken. Daarnaast valt het je op dat ze altijd kleding met lange mouwen aan heeft, ook nu het warm weer is. Hier is duidelijk sprake van mishandeling.', 3),
(36, 'choiceInteraction_LARGESOURCE_MULTIPLECHOICE_936735a2e7', 'Is de volgende stelling waar of niet waar?\n  \n  Met seksuele dysfuncties wordt bedoeld dat er stoornissen zijn in het seksueel functioneren.', 3),
(37, 'choiceInteraction_LARGESOURCE_MULTIPLECHOICE_437d9cf151', 'Wat wordt bedoeld met co-verslaving?', 3),
(38, 'choiceInteraction_LARGESOURCE_MULTIPLECHOICE_eead5dc073', 'Wat is geen gevolg van een eetstoornis?', 3),
(39, 'choiceInteraction_LARGESOURCE_MULTIPLECHOICE_152ae1a59a', 'Wat is Orthorexia nervosa?', 3),
(40, 'choiceInteraction_LARGESOURCE_MULTIPLECHOICE_ee4a88d06e', 'Wat is geen mogelijke oorzaak van een taalachterstand bij kinderen?', 3),
(41, 'choiceInteraction_LARGESOURCE_MULTIPLECHOICE_14f7979d51', 'Bij pesten is er sprake van verschillende rollen. Welke rollen zijn dat?', 3),
(42, 'choiceInteraction_LARGESOURCE_MULTIPLECHOICE_5cf1f889d7', 'Wat is een oorzaak voor beginnende criminaliteit?', 3),
(43, 'choiceInteraction_LARGESOURCE_MULTIPLECHOICE_87eaee2d14', 'Is de volgende stelling waar of niet waar?\n  \n  De omgeving waarin je bent opgegroeid, is geen mogelijke oorzaak van beginnende criminaliteit.', 3),
(44, 'choiceInteraction_LARGESOURCE_MULTIPLECHOICE_2e3bf7a6fc', 'Is de volgende stelling waar of niet waar?\n  \n  Een taalontwikkelingsstoornis is hetzelfde als een taalachterstand.', 3),
(45, 'choiceInteraction_LARGESOURCE_MULTIPLECHOICE_34ac8792c3', 'Is de volgende stelling waar of niet waar?\n  \n  Iemand die pest, doet dat vaak om zijn eigen onzekerheid te verbergen.', 3),
(46, 'choiceInteraction_LARGESOURCE_MULTIPLECHOICE_ee7c74af51', 'Wat is geen oorzaak van obesitas?', 3),
(47, 'choiceInteraction_LARGESOURCE_MULTIPLECHOICE_d1b90ea1d5', 'Hoeveel mensen in Nederland leven in armoede', 3),
(48, 'choiceInteraction_LARGESOURCE_MULTIPLECHOICE_4e12ee735e', 'Is de volgende stelling waar of niet waar?\n  \n  Bij stille armoede is het vaak niet zichtbaar dat mensen hun huur niet meer kunnen betalen of kinderen zonder ontbijt naar school sturen.', 3),
(49, 'choiceInteraction_LARGESOURCE_MULTIPLECHOICE_2c9f4dd99f', 'Wat is geen signaal bij laaggeletterdheid?', 3),
(50, 'choiceInteraction_LARGESOURCE_MULTIPLECHOICE_68cfcf1a21', 'Welke factor heeft geen invloed op verslaving?', 3),
(51, 'choiceInteraction_LARGESOURCE_MULTIPLECHOICE_33621bf851', 'Is de volgende stelling waar of niet waar?\n  \n  Een persoon die aan Anorexia lijdt, heeft last van eetbuien en de behoefte om controle te houden over zijn lichaamsgewicht.', 3),
(52, 'choiceInteraction_LARGESOURCE_MULTIPLECHOICE_40aecfe0b0', 'Is de volgende stelling waar of niet waar?\n  \n  Eenzaamheid is een sociale problematiek.', 3),
(53, 'choiceInteraction_LARGESOURCE_MULTIPLECHOICE_358ed86be3', 'De zaak van je cliënt is op basis van de stukken behandeld (dus zonder zitting) omdat de rechter meent dat de zaak heel eenvoudig is. Je cliënt is het echter niet eens met de beslissing van de rechter. Welke vervolgstap kan je cliënt zetten?', 4),
(54, 'choiceInteraction_LARGESOURCE_MULTIPLECHOICE_d3c72837c0', 'Je cliënt heeft een bezwaarschrift ingediend tegen het besluit van het stopzetten van zijn uitkering. De cliënt heeft tijdens de bezwaarprocedure via de rechter een aanvraag van een voorlopige voorziening gedaan. De rechter heeft deze voorlopige voorziening toegewezen. Het eindresultaat is dat het bezwaar wordt afgewezen en het UWV in zijn recht staat. Moet de cliënt de voorlopige voorziening, die is toegewezen door de rechter, terugbetalen?', 4),
(55, 'choiceInteraction_LARGESOURCE_MULTIPLECHOICE_023111e347', 'Wat is de gemiddelde tijd waarbinnen je een bezwaarschrift moet indienen bij een overheidsinstantie?', 4),
(56, 'choiceInteraction_LARGESOURCE_MULTIPLECHOICE_183e0e02fa', 'Welke mogelijkheid heeft iemand als zijn uitkering is stopgezet en hij verder geen ander inkomen heeft?', 4),
(57, 'choiceInteraction_LARGESOURCE_MULTIPLECHOICE_9e2fb5245b', 'Het UWV heeft de uitkering van een van je cliënten stopgezet. De cliënt is het hier niet mee eens en verstuurt een bezwaarschrift. Heeft de cliënt tijdens de bezwaarprocedure recht op een uitkering?', 4),
(58, 'choiceInteraction_LARGESOURCE_MULTIPLECHOICE_cae7d213b0', 'Is de volgende stelling waar of niet waar?Een cliënt is het niet eens met het besluit van het UWV en heeft, met jouw hulp, een bezwaar ingediend. Doordat er sprake is van een lichamelijke beperking bij je cliënt kan het langer duren, tot wel 17 weken, voordat er een uitspraak komt.', 4),
(59, 'choiceInteraction_LARGESOURCE_MULTIPLECHOICE_1feab2b541', 'Is de volgende stelling waar of niet waar? Wanneer het bezwaarschrift bij een overheidsinstantie te laat is ingediend, dan is de betreffende overheidsinstantie toch verplicht dit in behandeling te nemen.', 4),
(60, 'orderInteraction_ARANGE_TEXT_e879f801ee', 'Wanneer je een bezwaar hebt ingediend tegen een besluit van de overheid, treedt er een proces in werking. Zet de stappen van dit proces in de juiste volgorde.', 4),
(61, 'choiceInteraction_LARGESOURCE_MULTIPLECHOICE_0d0d84e5c3', 'Wat is het griffierecht?', 4),
(62, 'choiceInteraction_LARGESOURCE_MULTIPLECHOICE_5ea961837d', 'Wat vermeld je niet en/of voeg je niet toe aan een bezwaarschrift?', 4),
(63, 'choiceInteraction_LARGESOURCE_MULTIPLECHOICE_4cefb23c73', 'Wat moet je indienen als je in hoger beroep wilt gaan?', 4),
(64, 'choiceInteraction_LARGESOURCE_MULTIPLECHOICE_166dfd677d', 'Wat is geen voorwaarde om in aanmerking te komen voor de bijzonder bijstand?', 5),
(65, 'choiceInteraction_LARGESOURCE_MULTIPLECHOICE_7e850ee9b0', 'Wat is de uiterlijke termijn voor het aanvragen van een IOAW-uitkering (inkomensvoorziening voor ouderen en arbeidsongeschikte werknemers)?', 5),
(66, 'choiceInteraction_LARGESOURCE_MULTIPLECHOICE_d4419d655a', 'Waar moet een aanvraag voor een Wmo-voorziening ingediend worden?', 5),
(67, 'choiceInteraction_LARGESOURCE_MULTIPLECHOICE_16d4c39704', 'Is de volgende stelling waar of niet waar?\n  \n  Iemand die een verlenging van zijn arbeidscontract weigert, heeft geen recht op een ww-uitkering.', 5),
(68, 'choiceInteraction_LARGESOURCE_MULTIPLECHOICE_a9413b7877', 'Is de volgende stelling waar of niet waar?\n  \n  Hulp bij thuisadministratie is met name gericht op het op orde brengen (en houden) van de administratie rondom geldzaken bij mensen die hierin het overzicht zijn kwijtgeraakt.', 5),
(69, 'choiceInteraction_LARGESOURCE_MULTIPLECHOICE_d20825893b', 'Is de volgende stelling waar of niet waar?\n  \n  Een individuele inkomenstoeslag is bedoeld voor mensen die, door onvoorziene omstandigheden en voor een korte periode, een lager inkomen hebben.', 5),
(70, 'choiceInteraction_LARGESOURCE_MULTIPLECHOICE_c1e319d64f', 'Is de volgende stelling waar of niet waar?\n  \n  De heer Petrovic is 22 jaar en heeft de Poolse nationaliteit. Hij woont voor een langere periode in Nederland. Zijn inkomen is niet voldoende om in zijn eigen levensonderhoud te voorzien. Dit betekent dat hij recht heeft op de algemene bijstand.', 5),
(71, 'choiceInteraction_LARGESOURCE_MULTIPLECHOICE_e0b9578d3d', 'Wie van de volgende personen heeft geen recht op een individuele inkomenstoeslag?', 5),
(72, 'choiceInteraction_LARGESOURCE_MULTIPLECHOICE_f74de59799', 'Voor wie is de studietoeslag bedoeld?', 5),
(73, 'choiceInteraction_LARGESOURCE_MULTIPLECHOICE_406bf4c73f', 'Wat is de bijzondere bijstand?', 5),
(74, 'choiceInteraction_LARGESOURCE_MULTIPLECHOICE_50d8e93b2a', 'Is de volgende stelling waar of niet waar?\n  \n  Budgetbeheer (ook wel inkomensbeheer) is enkel bedoeld om schulden te voorkomen.', 5),
(75, 'choiceInteraction_LARGESOURCE_MULTIPLECHOICE_d09ad67d53', 'Wat betekenen de letters AVG?', 6),
(76, 'choiceInteraction_LARGESOURCE_MULTIPLECHOICE_8662be7ea3', 'Wat is DigiD?', 6),
(77, 'choiceInteraction_LARGESOURCE_MULTIPLECHOICE_70e9d684c5', 'Wat is een algoritme?', 6),
(78, 'choiceInteraction_LARGESOURCE_MULTIPLECHOICE_d309710d96', 'Wat is een vorm van deepfake?', 6),
(79, 'choiceInteraction_LARGESOURCE_MULTIPLECHOICE_d5624ca59d', 'Is de volgende stelling waar of niet waar?\n  \n  Algoritmes kunnen bevooroordeeld zijn.', 6),
(80, 'choiceInteraction_LARGESOURCE_MULTIPLECHOICE_cd78f32950', 'De Raad van Cultuur omschreef in 2005 het volgende: Het geheel van kennis, vaardigheden en mentaliteit, waarmee burgers zich bewust, kritisch en actief kunnen bewegen in een complexe, veranderlijke en fundamenteel gemedialiseerde wereld. Welke term hebben ze hier omschreven?', 6),
(81, 'choiceInteraction_LARGESOURCE_MULTIPLECHOICE_3180bd378e', 'Er wordt een waarschuwing per e-mail, of op sociale netwerken, verspreid. De informatie is niet waar, maar wordt als waarheid gepresenteerd. Er wordt gevraagd het bericht met zo veel mogelijk mensen te delen. Waar is hier sprake van?', 6),
(82, 'choiceInteraction_LARGESOURCE_MULTIPLECHOICE_9a4873a54e', 'Is de volgende stelling waar of niet waar?\n  \n  Met digitale geletterdheid en digitale vaardigheden wordt hetzelfde bedoeld.', 6),
(83, 'choiceInteraction_LARGESOURCE_MULTIPLECHOICE_9acab0dd41', 'Is de volgende stelling waar of niet waar?Binnen de gehele Europese Unie geldt dezelfde privacy wetgeving.', 6),
(84, 'choiceInteraction_LARGESOURCE_MULTIPLECHOICE_50945dfa11', 'Tijdens een huisbezoek heb je het vermoeden dat de cliënt een beroerte heeft. Hij vertoont de volgende symptomen:een scheve mond door (halfzijdige) verlamming in zijn gezichtwarrig spreken en denkenverlamming in zijn armplotselinge ongewone hoofdpijnerg misselijkWat moet je direct doen?', 7),
(85, 'choiceInteraction_LARGESOURCE_MULTIPLECHOICE_8563cdf57f', 'Welbevinden is een steeds vaker genoemd thema binnen het welzijnswerk. Welk kenmerk is geen kenmerk van welbevinden?', 7),
(86, 'choiceInteraction_LARGESOURCE_MULTIPLECHOICE_38f960f309', 'Wat valt niet onder het autisme spectrum stoornis?', 7),
(87, 'choiceInteraction_LARGESOURCE_MULTIPLECHOICE_4d94eee4a8', 'Is de volgende stelling waar of niet waar?\n  \n  Een collega geeft het volgende advies aan een gezin waar een van de kinderen autisme heeft.Het is goed om de omgeving van uw kind aan te passen. Hierbij kunt u denken aan een vast dagritme, een eigen plek aan tafel, het gebruik maken van pictogrammen. Dit advies is passend bij de behandeling van iemand met autisme.', 7),
(88, 'choiceInteraction_LARGESOURCE_MULTIPLECHOICE_e24cabea43', 'Een van je cliënten heeft last van sterke wisselingen in haar stemming, gedachten en gedrag. Dit zorgt ervoor dat ze vastloopt in haar dagelijks leven. Van welke stoornis is hier sprake?', 7),
(89, 'choiceInteraction_LARGESOURCE_MULTIPLECHOICE_ebbe60f052', 'Is de volgende stelling waar of niet waar?\n  \n  Dementie is de naam voor een combinatie van symptomen waarbij de hersenen informatie niet meer kunnen verwerken.', 7),
(90, 'choiceInteraction_LARGESOURCE_MULTIPLECHOICE_8a4a276673', 'Wat is geen symptoom van Schizofrenie?', 7),
(91, 'choiceInteraction_LARGESOURCE_MULTIPLECHOICE_dc1d54519a', 'Bij een huisbezoek geeft je cliënt aan dat hij al langere tijd last heeft van zijn gewrichten. De pijn zit vooral in zijn schouders en nek, maar ook zijn heupen doen regelmatig pijn. Jij denkt dat het een vorm van reuma is. Wat is je advies?', 7),
(92, 'choiceInteraction_LARGESOURCE_MULTIPLECHOICE_46fd0b08dd', 'Wat is geen kinderziekte?', 7),
(93, 'choiceInteraction_LARGESOURCE_MANYCHOICE_c1978455a1', 'Is de volgende stelling waar of niet waar?\n  \n  Voor de meeste kinderziektes is het verstandig om direct naar de huisarts of spoedeisende hulp te gaan.', 7),
(94, 'choiceInteraction_LARGESOURCE_MULTIPLECHOICE_f50537790e', 'Wat is geen symptoom van Alzheimer?', 7),
(95, 'choiceInteraction_LARGESOURCE_MULTIPLECHOICE_8b547151c8', 'Waar staan de letters PTSS voor?', 7),
(96, 'choiceInteraction_LARGESOURCE_MULTIPLECHOICE_d5b6990ec4', 'Wat is een andere benaming voor CVA (cerebrovasculair)?', 7),
(97, 'choiceInteraction_LARGESOURCE_MULTIPLECHOICE_a9d916593e', 'Is de volgende stelling waar of niet waar?\n  \n  Suikerziekte is hetzelfde als diabetes.', 7),
(98, 'choiceInteraction_LARGESOURCE_MULTIPLECHOICE_853af067a5', 'Je cliënt geeft aan dat ze de laatste tijd bang is om het huis uit te gaan. Ze durft onder andere niet meer naar de supermarkt en het winkelcentrum. Ze komt nog wel eens buiten, maar dan vooral op momenten dat het niet zo druk is en veel verder dan haar eigen straat durft ze niet.Bij deze cliënt is er sprake van een ...', 7),
(99, 'choiceInteraction_LARGESOURCE_MULTIPLECHOICE_55f022f193', 'Wat is geen symptoom van COPD?', 7),
(100, 'choiceInteraction_LARGESOURCE_MULTIPLECHOICE_27ed834430', 'Waar staan de letters LSD voor?', 8),
(101, 'choiceInteraction_LARGESOURCE_MULTIPLECHOICE_447f62d93e', 'Is de volgende stelling waar of niet waar?Een conflicthanteringsgesprek is een onderhandeling waarbij je twee ruziënde partijen weer bij elkaar probeert te brengen.', 8),
(102, 'choiceInteraction_LARGESOURCE_MULTIPLECHOICE_a09a08f435', 'Wat is een communicatiemiddel?', 8),
(103, 'choiceInteraction_LARGESOURCE_MULTIPLECHOICE_4a1099012f', 'Is de volgende stelling waar of niet waar?Het keukentafelgesprek is letterlijk een gesprek dat je voert aan de keukentafel, bij de cliënt thuis, en heeft een informeel karakter.', 8),
(104, 'choiceInteraction_LARGESOURCE_MULTIPLECHOICE_d61f8b8b17', 'Waar staan de letters ANNA voor?', 8),
(105, 'choiceInteraction_LARGESOURCE_MULTIPLECHOICE_e2b8308ed9', 'Wat wordt bedoeld met smeer NIVEA?', 8),
(106, 'choiceInteraction_LARGESOURCE_MULTIPLECHOICE_0065f45cae', 'Wat is geen gespreksonderwerp tijdens een keukentafelgesprek?', 8),
(107, 'choiceInteraction_LARGESOURCE_MULTIPLECHOICE_a0782a74fc', 'Wat is een valkuil bij het voeren van gesprekken?', 8),
(108, 'choiceInteraction_LARGESOURCE_MULTIPLECHOICE_fb79e43ede', 'Is de volgende stelling waar of niet waar?Aandachtig luisteren betekent dat je je mond houdt en je oren spitst en pas wat zegt als de ander uitgesproken is.', 8),
(109, 'choiceInteraction_LARGESOURCE_MULTIPLECHOICE_d1b0396218', 'Wat is geen gesprekstechniek?', 8),
(110, 'choiceInteraction_LARGESOURCE_MULTIPLECHOICE_5c97a4d03f', 'Is de volgende stelling waar of niet waar?Organisaties, die hulp en opvang bieden aan mensen die slachtoffer zijn van huiselijk geweld en mishandeling, zijn alleen bedoeld voor vrouwen.', 9),
(111, 'choiceInteraction_LARGESOURCE_MULTIPLECHOICE_e47ec7c1ce', 'Waar staan de letters SRW voor?', 9),
(112, 'choiceInteraction_LARGESOURCE_MULTIPLECHOICE_43e8ceec65', 'Voor welk probleem kan je een beroep doen op een maatschappelijk werker?', 9),
(113, 'choiceInteraction_LARGESOURCE_MULTIPLECHOICE_6e7fe6dd56', 'Wat is een kenmerk van de maatschappelijke opvang voor dak- en thuislozen?', 9),
(114, 'choiceInteraction_LARGESOURCE_MULTIPLECHOICE_f017e3f0f9', 'Is de volgende stelling waar of niet waar?Jongerenwerk is gericht op jongeren in de leeftijd van 12 tot 23.', 9),
(115, 'choiceInteraction_LARGESOURCE_MULTIPLECHOICE_30d57f6755', 'Met welke vragen kan je niet terecht bij sociale raadslieden?', 9),
(116, 'choiceInteraction_LARGESOURCE_MULTIPLECHOICE_be903993af', 'Welke vorm van hulp valt niet onder de schuldhulpverlening van de gemeente?', 9),
(117, 'choiceInteraction_LARGESOURCE_MULTIPLECHOICE_242168690c', 'Welke hulp kan niet bij de vrouwenopvang ingeschakeld worden?', 9),
(118, 'choiceInteraction_LARGESOURCE_MULTIPLECHOICE_62b1c14e7b', 'Is de volgende stelling waar of niet waar?Schuldeisers zijn verplicht om mee te werken aan betaalvoorstellen.', 9),
(119, 'choiceInteraction_LARGESOURCE_MULTIPLECHOICE_7e6b541f26', 'Is de volgende stelling waar of niet waar?\n  \n  Een ethisch dilemma bevat altijd verschillende waarden.', 10),
(120, 'choiceInteraction_LARGESOURCE_MULTIPLECHOICE_3923149f40', 'Waar heeft de volgende zin betrekking op?Het geheel van waarden en normen, waaraan de beroepsbeoefenaar zich bij de uitoefening van zijn beroep dient te houden.', 10),
(121, 'choiceInteraction_LARGESOURCE_MULTIPLECHOICE_a9d08359f8', 'Wat is geen kenmerk van een ethisch dilemma?', 10),
(122, 'choiceInteraction_LARGESOURCE_MULTIPLECHOICE_464fe99b1f', 'Wat is geen fase binnen het stappenplan voor ethische dilemma’s?', 10),
(123, 'choiceInteraction_LARGESOURCE_MULTIPLECHOICE_2384c34e69', 'Is de volgende stelling waar of niet waar?Met beroepscode en beroepsethiek wordt hetzelfde bedoeld.', 10),
(124, 'choiceInteraction_LARGESOURCE_MULTIPLECHOICE_a7912ec71d', 'Is de volgende stelling waar of niet waar?\n  \n  De ethische commissie is voor iedere sociaal werker benaderbaar, ongeacht of hij wel/niet in het beroepsregister staat geregistreerd.', 10),
(125, 'choiceInteraction_LARGESOURCE_MULTIPLECHOICE_2617f99f76', 'Als sociaal werker kom je bij een gezin met schulden. Je helpt het gezin al een tijd met het op orde brengen van de administratie en het in kaart brengen van de inkomsten en uitgaven. Inmiddels heb je al een aardige vertrouwensband met het gezin opgebouwd. Tijdens je laatste bezoek kom je er achter dat het gezin fraudeert met uitkeringen. Je vraagt je af of je dit wel of niet moet melden. Het melden kan immers ten koste gaan van de vertrouwensband, maar frauderen is strafbaar. Waar is hier sprake van?', 10),
(126, 'choiceInteraction_LARGESOURCE_MULTIPLECHOICE_ef3df97df2', 'Wat wordt binnen de beroepsethiek bedoeld met formele waarden?', 10),
(127, 'choiceInteraction_LARGESOURCE_MULTIPLECHOICE_417f410d52', 'In het sociaal werk kan je te maken krijgen met ethische vraagstukken waarbij je jezelf afvraagt welke handelingen goed of fout zijn. Er zijn verschillende documenten opgesteld die antwoord geven op dergelijke vraagstukken. Wat is hier geen voorbeeld van?', 10),
(128, 'choiceInteraction_LARGESOURCE_MULTIPLECHOICE_0c6b16daaf', 'Is de volgende stelling waar of niet waar?\n  \n  De beroepsethiek is een verzameling van geschreven en ongeschreven normen en waarden voor het professioneel uitvoeren van het beroep.', 10),
(129, 'choiceInteraction_LARGESOURCE_MULTIPLECHOICE_3c3ad2eef9', 'Is de volgende stelling waar of niet waar? Reflecteren doe je alleen op jezelf en niet op anderen.', 11),
(130, 'choiceInteraction_LARGESOURCE_MULTIPLECHOICE_b606907efc', 'Waar staan de letters STARRT voor in de STARRT-methode?', 11),
(131, 'orderInteraction_ARANGE_TEXT_f980769b3f', 'Zet de vijf stappen van het reflectiemodel van Korthagen in de juiste volgorde.', 11),
(132, 'choiceInteraction_LARGESOURCE_MULTIPLECHOICE_561cc8b650', 'Het reflectie model van Korthagen bestaat uit vijf stappen. Welke stap is bewustwording?', 11),
(133, 'choiceInteraction_LARGESOURCE_MULTIPLECHOICE_3a7bc317bc', 'Je hebt mevrouw De Vries vandaag ondersteund bij de aanvraag voor haar zorgtoeslag. De aanvraag is wel gelukt, maar mevrouw De Vries is niet helemaal tevreden naar huis gegaan. Je kijkt terug op de situatie en stelt jezelf vragen over jouw manier van handelen. Hoe was jouw gevoel en waarom maakte je bepaalde keuzes? Hoe heet deze vorm van terugkijken op de situatie?', 11),
(134, 'choiceInteraction_LARGESOURCE_MULTIPLECHOICE_4eceb770db', 'Is de volgende stelling waar of niet waar? Reflecteren is hetzelfde als evalueren.', 11),
(135, 'orderInteraction_ARANGE_TEXT_10203ba6a6', 'Zet de stappen van het reflectiemodel van Gibbs in de juiste volgorde.', 11),
(136, 'choiceInteraction_LARGESOURCE_MULTIPLECHOICE_f5c3169e31', 'Het ABCD-reflectiemodel staat voor Aanleiding, Belangrijk, Conclusie, Doen. Vaak wordt dit model nog uitgebreid met de letters E en F. Welke vragen horen bij deze letters?', 11),
(137, 'choiceInteraction_LARGESOURCE_MULTIPLECHOICE_dedf25c617', 'Wat is geen reflectiemodel?', 11),
(138, 'choiceInteraction_LARGESOURCE_MULTIPLECHOICE_8d0eaa2fde', 'Is de volgende stelling waar of niet waar? De STARR methode is geen doel op zich maar een hulpmiddel om te reflecteren.', 11),
(139, 'choiceInteraction_LARGESOURCE_MULTIPLECHOICE_93f3f19170', 'Is de volgende stelling waar of niet waar?\n  \n  Het hanteren van het afwegingskader is verplicht in de stappen 4 en 5 van de meldcode.', 12),
(140, 'choiceInteraction_LARGESOURCE_MULTIPLECHOICE_09f79f9efb', 'In de wet meldcode staat dat de professionals het recht hebben melding te maken bij Veilig Thuis. Wat betekent dit meldrecht?', 12),
(141, 'choiceInteraction_LARGESOURCE_MULTIPLECHOICE_8499680c86', 'Is de volgende stelling waar of niet waar?\n  \n  Je kan de meldcode na elke stap afsluiten, mits dit wordt vastgelegd in het dossier.', 12),
(142, 'choiceInteraction_LARGESOURCE_MULTIPLECHOICE_7ae58458c3', 'Preventie kan je op vier niveaus inzetten. Welke hoort niet bij deze vier niveaus?', 12),
(143, 'orderInteraction_ARANGE_TEXT_759be73bae', 'Zet het stappenplan van de meldcode in de juiste volgorde.', 12),
(144, 'choiceInteraction_LARGESOURCE_MULTIPLECHOICE_25c44516e9', 'Is de volgende stelling waar of niet waar?\n  \n  Als een persoon contact opneemt met een expert van Veilig Thuis, dan is er sprake van een officiële melding en moet er een onderzoek gestart worden.', 12),
(145, 'choiceInteraction_LARGESOURCE_MULTIPLECHOICE_1d1d7d8e97', 'Is de volgende stelling waar of niet waar?\n  \n  De meldcode heeft met nadruk een meldplicht.', 12),
(146, 'choiceInteraction_LARGESOURCE_MULTIPLECHOICE_e4114a8b64', 'Welke wijziging is er sinds 1 januari 2019 in het besluit verplichte meldcode in werking gesteld?', 12),
(147, 'choiceInteraction_LARGESOURCE_MULTIPLECHOICE_0ee2b231ba', 'Is de volgende stelling waar of niet waar?\n  Het doel van de meldcode is professionals te helpen eerder en beter te handelen als zij vermoeden dat een gezinslid thuis mishandeld, verwaarloosd of seksueel misbruikt wordt.', 12),
(148, 'choiceInteraction_LARGESOURCE_MULTIPLECHOICE_23c82b7f73', 'Is de volgende stelling waar of niet waar?\n  \n  Als sociaal werker ben je verplicht elk vermoeden van kindermishandeling te melden.', 12),
(149, 'choiceInteraction_LARGESOURCE_MULTIPLECHOICE_94f730a16e', 'Is de volgende stelling waar of niet waar?\n  \n  Het organiseren van sport- en bewegingsactiviteiten in de wijk, draagt bij aan de sociale cohesie in de wijk.', 13),
(150, 'choiceInteraction_LARGESOURCE_MULTIPLECHOICE_6e73957f48', 'Binnen het wijkteam werk je met verschillende partners samen. Je werkt niet alleen samen met professionals in de eerste en tweede lijn, maar ook met mantelzorgers, vrijwilligers, ervaringsdeskundigen en bewonersnetwerken. Onder welke netwerk vallen de professionals in de eerste en tweede lijn?', 13),
(151, 'choiceInteraction_LARGESOURCE_MULTIPLECHOICE_d7b8d1fc32', 'Mevrouw De Vries werkt in het onderwijs, dit doet ze inmiddels alweer 20 jaar en nog steeds met veel plezier. Ze merkt wel dat de werkdruk de laatste jaren is toegenomen en dat de school waar ze werkt weinig doet om de werkdruk te verlagen. Mevrouw De Vries besluit mede hierom zich aan te sluiten bij een vakbond. Wat voor soort organisatie is een vakbond?', 13),
(152, 'choiceInteraction_LARGESOURCE_MULTIPLECHOICE_357984e0e0', 'Is de volgende stelling waar of niet waar?\n  \n  Een wijkanalyse is altijd gericht op alle aspecten in een wijk en kan niet ingezet worden voor één of enkele aspecten van een wijk.', 13),
(153, 'choiceInteraction_LARGESOURCE_MULTIPLECHOICE_90a9155c30', 'Wie valt niet onder het informele netwerk in de wijk?', 13),
(154, 'choiceInteraction_LARGESOURCE_MULTIPLECHOICE_5c9a157121', 'Wat is geen belangenorganisatie?', 13),
(155, 'choiceInteraction_LARGESOURCE_MULTIPLECHOICE_fa74d1226f', 'Waar heeft de volgende zin betrekking op? Zorgen dat inwoners van wijken (of buurt) prettig samenleven, zich verbonden voelen en ook naar inwoners omkijken in een kwetsbare positie.', 13),
(156, 'choiceInteraction_LARGESOURCE_MULTIPLECHOICE_008e83b4b6', 'In Amsterdam is door de vrijwilligersacademie de BurenBond opgericht. De BurenBond wil ‘buren’ gaan organiseren voor mensen met een beperking, die moeite hebben het dagelijks leven vorm te geven. Zij willen gaan werken met teams van vrijwilligers die wijkbreed ingezet kunnen worden, in nauwe samenwerking met huisartsen. Deze teams worden begeleid door coaches die werken vanuit de principes van zelfsturing. Hoe wordt deze vorm genoemd?', 13),
(157, 'choiceInteraction_LARGESOURCE_MULTIPLECHOICE_8aaef32a81', 'De gemeente Utrecht heeft als doel om het aankomende jaar te gaan investeren in diverse wijken. Voordat deze investering plaats gaat vinden, moet het helder zijn welke verbeterpunten en speerpunten er zijn voor de wijk(en). Aan jou, als sociaal werker, is gevraagd om voor jouw wijk de verbeterpunten en speerpunten in kaart te brengen. Welk instrument is hier geschikt voor?', 13),
(158, 'choiceInteraction_LARGESOURCE_MULTIPLECHOICE_9055599efd', 'Wat wordt bedoeld met een zelfhulpgroep?', 13);

--
-- Indexen voor geëxporteerde tabellen
--

--
-- Indexen voor tabel `categories`
--
ALTER TABLE `categories`
  ADD PRIMARY KEY (`id`),
  ADD UNIQUE KEY `unique_category` (`name`,`subcategory`,`folder_guid`);

--
-- Indexen voor tabel `choices`
--
ALTER TABLE `choices`
  ADD PRIMARY KEY (`id`),
  ADD KEY `question_id` (`question_id`);

--
-- Indexen voor tabel `questions`
--
ALTER TABLE `questions`
  ADD PRIMARY KEY (`id`),
  ADD KEY `category_id` (`category_id`);

--
-- AUTO_INCREMENT voor geëxporteerde tabellen
--

--
-- AUTO_INCREMENT voor een tabel `categories`
--
ALTER TABLE `categories`
  MODIFY `id` int NOT NULL AUTO_INCREMENT, AUTO_INCREMENT=14;

--
-- AUTO_INCREMENT voor een tabel `choices`
--
ALTER TABLE `choices`
  MODIFY `id` int NOT NULL AUTO_INCREMENT, AUTO_INCREMENT=448;

--
-- AUTO_INCREMENT voor een tabel `questions`
--
ALTER TABLE `questions`
  MODIFY `id` int NOT NULL AUTO_INCREMENT, AUTO_INCREMENT=159;

--
-- Beperkingen voor geëxporteerde tabellen
--

--
-- Beperkingen voor tabel `choices`
--
ALTER TABLE `choices`
  ADD CONSTRAINT `choices_ibfk_1` FOREIGN KEY (`question_id`) REFERENCES `questions` (`id`);

--
-- Beperkingen voor tabel `questions`
--
ALTER TABLE `questions`
  ADD CONSTRAINT `questions_ibfk_1` FOREIGN KEY (`category_id`) REFERENCES `categories` (`id`);
COMMIT;

/*!40101 SET CHARACTER_SET_CLIENT=@OLD_CHARACTER_SET_CLIENT */;
/*!40101 SET CHARACTER_SET_RESULTS=@OLD_CHARACTER_SET_RESULTS */;
/*!40101 SET COLLATION_CONNECTION=@OLD_COLLATION_CONNECTION */;
